rowid	id_loan	id_direct_loantaker	name_direct_loantaker	id_intermediate_parent_1	name_intermediate_parent_1	id_ultimate_parent	name_ultimate_parent	loan_size_outstanding	loan_size_outstanding_currency	loan_size_credit_limit	loan_size_credit_limit_currency	sector_classification_system	sector_classification_input_type	sector_classification_direct_loantaker	fi_type	flag_project_finance_loan	name_project	lei_direct_loantaker	isin_direct_loantaker	chunk	id_2dii	level	sector	sector_ald	name	name_ald	score	source
1	L214	C190	State-Owned Samgwong Cement	NA	NA	UP270	Sunnsy Group	386169	EUR	20570439	EUR	"NACE"	Code	2351	Loan	No	NA	NA	NA	3	DL93	direct_loantaker	cement	cement	State-Owned Samgwong Cement	state-owned samgwong cement	1	loanbook
1	L214	C190	State-Owned Samgwong Cement	NA	NA	UP270	Sunnsy Group	386169	EUR	20570439	EUR	"NACE"	Code	2351	Loan	No	NA	NA	NA	3	UP95	ultimate_parent	cement	cement	Sunnsy Group	sunnsy group	1	loanbook
2	L215	C14	Boral Cement	NA	NA	UP47	Cemento Sur	193145	EUR	18644775	EUR	"NACE"	Code	2351	Loan	No	NA	NA	NA	3	DL12	direct_loantaker	cement	cement	Boral Cement	boral cement	1	loanbook
2	L215	C14	Boral Cement	NA	NA	UP47	Cemento Sur	193145	EUR	18644775	EUR	"NACE"	Code	2351	Loan	No	NA	NA	NA	3	UP17	ultimate_parent	cement	cement	Cemento Sur	cemento sur	1	loanbook
3	L216	C157	Quang Tri Cement	NA	NA	UP183	Mombassa Cement	403801	EUR	20746341	EUR	"NACE"	Code	2351	Loan	No	NA	NA	NA	3	DL73	direct_loantaker	cement	cement	Quang Tri Cement	quang tri cement	1	loanbook
3	L216	C157	Quang Tri Cement	NA	NA	UP183	Mombassa Cement	403801	EUR	20746341	EUR	"NACE"	Code	2351	Loan	No	NA	NA	NA	3	UP60	ultimate_parent	cement	cement	Mombassa Cement	mombassa cement	1	loanbook
4	L217	C16	Cenves	NA	NA	UP129	Hume Cement	243257	EUR	19144707	EUR	"NACE"	Code	2351	Loan	No	NA	NA	NA	3	UP47	ultimate_parent	cement	cement	Hume Cement	hume cement	1	loanbook
6	L219	C36	Ghadir Investment Company	NA	NA	UP275	Tiger Head Cement	397305	EUR	20681535	EUR	"NACE"	Code	2351	Loan	No	NA	NA	NA	3	UP96	ultimate_parent	cement	cement	Tiger Head Cement	tiger head cement	1	loanbook
7	L220	C165	Schretter & Cie Gmbh & Co Kg	NA	NA	UP18	Anhui Feida Cement	298937	EUR	19700187	EUR	"NACE"	Code	2351	Loan	No	NA	NA	NA	3	UP7	ultimate_parent	cement	cement	Anhui Feida Cement	american cement	0.8010551948051948	loanbook
9	L222	C10	Araratcement	NA	NA	UP226	Sa Tudela Veguín	403801	EUR	20746341	EUR	"NACE"	Code	2351	Loan	No	NA	NA	NA	3	DL9	direct_loantaker	cement	cement	Araratcement	araratcement	1	loanbook
9	L222	C10	Araratcement	NA	NA	UP226	Sa Tudela Veguín	403801	EUR	20746341	EUR	"NACE"	Code	2351	Loan	No	NA	NA	NA	3	UP77	ultimate_parent	cement	cement	Sa Tudela Veguín	sa tudela veguín	1	loanbook
10	L223	C307	Yunnan Cement	NA	NA	UP2	Achinsky Glinoziemskij Kombinat	265529	EUR	19366899	EUR	"NACE"	Code	2351	Loan	No	NA	NA	NA	3	UP1	ultimate_parent	cement	cement	Achinsky Glinoziemskij Kombinat	achinsky glinoziemskij kombinat	1	loanbook
11	L224	C174	Shanxi Aluminium Manufacturer Jinshui Cement	NA	NA	UP68	Cockburn Cement	246969	EUR	19181739	EUR	"NACE"	Code	2351	Loan	No	NA	NA	NA	3	UP26	ultimate_parent	cement	cement	Cockburn Cement	cockburn cement	1	loanbook
12	L225	C120	Morgan Cement	NA	NA	UP298	Wanrong Cement	388025	EUR	20588955	EUR	"NACE"	Code	2351	Loan	No	NA	NA	NA	3	DL60	direct_loantaker	cement	cement	Morgan Cement	morgan cement	1	loanbook
12	L225	C120	Morgan Cement	NA	NA	UP298	Wanrong Cement	388025	EUR	20588955	EUR	"NACE"	Code	2351	Loan	No	NA	NA	NA	3	UP104	ultimate_parent	cement	cement	Wanrong Cement	wanrong cement	1	loanbook
14	L227	C100	Holcim Hüttenzement	NA	NA	UP120	Heilungkiang Huanan Xinglong Cement	398233	EUR	20690793	EUR	"NACE"	Code	2351	Loan	No	NA	NA	NA	3	DL44	direct_loantaker	cement	cement	Holcim Hüttenzement	holcim hüttenzement	1	loanbook
15	L228	C175	Shanxi Ankung Jianhuan Group Cement	NA	NA	UP243	Shandong Qiyin Cement Group	256249	EUR	19274319	EUR	"NACE"	Code	2351	Loan	No	NA	NA	NA	3	UP84	ultimate_parent	cement	cement	Shandong Qiyin Cement Group	shangfeng cement group	0.883030303030303	loanbook
19	L232	C116	Limak Holding	NA	NA	UP48	Cementos San Juan	259961	EUR	19311351	EUR	"NACE"	Code	2351	Loan	No	NA	NA	NA	3	UP18	ultimate_parent	cement	cement	Cementos San Juan	cimento nassau	0.8169230769230769	loanbook
19	L232	C116	Limak Holding	NA	NA	UP48	Cementos San Juan	259961	EUR	19311351	EUR	"NACE"	Code	2351	Loan	No	NA	NA	NA	3	UP18	ultimate_parent	cement	cement	Cementos San Juan	cemento sur	0.8999999999999999	loanbook
20	L233	C205	Titan Florida	NA	NA	UP231	Sanca Sa Nouvelle Cimenterie Amboanio	392665	EUR	20635245	EUR	"NACE"	Code	2351	Loan	No	NA	NA	NA	3	DL98	direct_loantaker	cement	cement	Titan Florida	titan florida	1	loanbook
20	L233	C205	Titan Florida	NA	NA	UP231	Sanca Sa Nouvelle Cimenterie Amboanio	392665	EUR	20635245	EUR	"NACE"	Code	2351	Loan	No	NA	NA	NA	3	UP79	ultimate_parent	cement	cement	Sanca Sa Nouvelle Cimenterie Amboanio	sanca sa nouvelle cimenterie amboanio	1	loanbook
25	L238	C226	Yantai Haiyang Cement	NA	NA	UP39	Bua Group	210777	EUR	18820677	EUR	"NACE"	Code	2351	Loan	No	NA	NA	NA	3	UP14	ultimate_parent	cement	cement	Bua Group	bua group	1	loanbook
26	L239	C164	Sanshui Beijiang Industrial	IP1	Sanshui Beijan Industrial Co	UP26	Azar-Abedagan Khoy	412153	EUR	20829663	EUR	"NACE"	Code	2351	Loan	No	NA	NA	NA	3	UP10	ultimate_parent	cement	cement	Azar-Abedagan Khoy	azar-abedagan khoy	1	loanbook
27	L240	C25	Dragon Cement	NA	NA	UP148	Jiaozuo Qianye Cement	281305	EUR	19524285	EUR	"NACE"	Code	2351	Loan	No	NA	NA	NA	3	DL22	direct_loantaker	cement	cement	Dragon Cement	dragon cement	1	loanbook
28	L241	C99	Hitachi Cement	NA	NA	UP217	Qujing Cement	400089	EUR	20709309	EUR	"NACE"	Code	2351	Loan	No	NA	NA	NA	3	DL43	direct_loantaker	cement	cement	Hitachi Cement	hitachi cement	1	loanbook
28	L241	C99	Hitachi Cement	NA	NA	UP217	Qujing Cement	400089	EUR	20709309	EUR	"NACE"	Code	2351	Loan	No	NA	NA	NA	3	UP72	ultimate_parent	cement	cement	Qujing Cement	quang tri cement	0.8115440115440116	loanbook
63	L276	C118	Madalena Energy Inc	NA	NA	UP51	Cercl Mining Bv	300009	EUR	300009	EUR	"NACE"	Code	610	Loan	No	NA	NA	NA	3	DL59	direct_loantaker	oil and gas	oil and gas	Madalena Energy Inc	madalena energy inc	1	loanbook
63	L276	C118	Madalena Energy Inc	NA	NA	UP51	Cercl Mining Bv	300009	EUR	300009	EUR	"NACE"	Code	610	Loan	No	NA	NA	NA	3	UP20	ultimate_parent	oil and gas	oil and gas	Cercl Mining Bv	cercl mining bv	1	loanbook
64	L277	C114	Krisenergy Ltd	NA	NA	UP105	Gastar Exploration Inc	300010	EUR	300010	EUR	"NACE"	Code	610	Loan	No	NA	NA	NA	3	DL55	direct_loantaker	oil and gas	oil and gas	Krisenergy Ltd	krisenergy ltd	1	loanbook
65	L278	C107	Jerusalem Oil Exploration	NA	NA	UP207	Petro Rio Sa	300011	EUR	300011	EUR	"NACE"	Code	610	Loan	No	NA	NA	NA	3	DL49	direct_loantaker	oil and gas	oil and gas	Jerusalem Oil Exploration	jerusalem oil exploration	1	loanbook
65	L278	C107	Jerusalem Oil Exploration	NA	NA	UP207	Petro Rio Sa	300011	EUR	300011	EUR	"NACE"	Code	610	Loan	No	NA	NA	NA	3	UP67	ultimate_parent	oil and gas	oil and gas	Petro Rio Sa	petro rio sa	1	loanbook
66	L279	C147	Naphtha Israel Petroleum Corp Ltd	NA	NA	UP267	Storm Resources Ltd	300012	EUR	300012	EUR	"NACE"	Code	610	Loan	No	NA	NA	NA	3	UP93	ultimate_parent	oil and gas	oil and gas	Storm Resources Ltd	storm resources ltd	1	loanbook
67	L280	C151	Panoro Energy Asa	NA	NA	UP140	Japan Petroleum Exploration Co Ltd	300013	EUR	300013	EUR	"NACE"	Code	610	Loan	No	NA	NA	NA	3	DL67	direct_loantaker	oil and gas	oil and gas	Panoro Energy Asa	panoro energy asa	1	loanbook
67	L280	C151	Panoro Energy Asa	NA	NA	UP140	Japan Petroleum Exploration Co Ltd	300013	EUR	300013	EUR	"NACE"	Code	610	Loan	No	NA	NA	NA	3	UP50	ultimate_parent	oil and gas	oil and gas	Japan Petroleum Exploration Co Ltd	japan petroleum exploration co ltd	1	loanbook
68	L281	C194	Sunshine Oilsands Ltd	NA	NA	UP161	Korea Gas Corp	300014	EUR	300014	EUR	"NACE"	Code	610	Loan	No	NA	NA	NA	3	DL94	direct_loantaker	oil and gas	oil and gas	Sunshine Oilsands Ltd	sunshine oilsands ltd	1	loanbook
68	L281	C194	Sunshine Oilsands Ltd	NA	NA	UP161	Korea Gas Corp	300014	EUR	300014	EUR	"NACE"	Code	610	Loan	No	NA	NA	NA	3	UP55	ultimate_parent	oil and gas	oil and gas	Korea Gas Corp	korea gas corp	1	loanbook
69	L282	C34	Etablissements Maurel Et Prom	NA	NA	UP50	Centrica Plc	300015	EUR	300015	EUR	"NACE"	Code	610	Loan	No	NA	NA	NA	3	DL31	direct_loantaker	oil and gas	oil and gas	Etablissements Maurel Et Prom	etablissements maurel et prom	1	loanbook
69	L282	C34	Etablissements Maurel Et Prom	NA	NA	UP50	Centrica Plc	300015	EUR	300015	EUR	"NACE"	Code	610	Loan	No	NA	NA	NA	3	UP19	ultimate_parent	oil and gas	oil and gas	Centrica Plc	centrica plc	1	loanbook
70	L283	C15	Brightoil Petroleum Holdings Ltd	NA	NA	UP198	Odebrecht Oleo E Gas Sa	300016	EUR	300016	EUR	"NACE"	Code	610	Loan	No	NA	NA	NA	3	DL13	direct_loantaker	oil and gas	oil and gas	Brightoil Petroleum Holdings Ltd	brightoil petroleum holdings ltd	1	loanbook
71	L284	C166	Seoul City Gas Co Ltd	NA	NA	UP262	Stadtwerke Muenchen Gmbh	300017	EUR	300017	EUR	"NACE"	Code	610	Loan	No	NA	NA	NA	3	DL82	direct_loantaker	oil and gas	oil and gas	Seoul City Gas Co Ltd	seoul city gas co ltd	1	loanbook
71	L284	C166	Seoul City Gas Co Ltd	NA	NA	UP262	Stadtwerke Muenchen Gmbh	300017	EUR	300017	EUR	"NACE"	Code	610	Loan	No	NA	NA	NA	3	UP89	ultimate_parent	oil and gas	oil and gas	Stadtwerke Muenchen Gmbh	stadtwerke muenchen gmbh	1	loanbook
72	L285	C167	Serica Energy Plc	NA	NA	UP96	Federation Of Malaysia	300018	EUR	300018	EUR	"NACE"	Code	610	Loan	No	NA	NA	NA	3	DL83	direct_loantaker	oil and gas	oil and gas	Serica Energy Plc	serica energy plc	1	loanbook
72	L285	C167	Serica Energy Plc	NA	NA	UP96	Federation Of Malaysia	300018	EUR	300018	EUR	"NACE"	Code	610	Loan	No	NA	NA	NA	3	UP33	ultimate_parent	oil and gas	oil and gas	Federation Of Malaysia	federation of malaysia	1	loanbook
73	L286	C179	Sherritt International Corp	NA	NA	UP254	Soco International Plc	300019	EUR	300019	EUR	"NACE"	Code	610	Loan	No	NA	NA	NA	3	DL87	direct_loantaker	oil and gas	oil and gas	Sherritt International Corp	sherritt international corp	1	loanbook
73	L286	C179	Sherritt International Corp	NA	NA	UP254	Soco International Plc	300019	EUR	300019	EUR	"NACE"	Code	610	Loan	No	NA	NA	NA	3	UP88	ultimate_parent	oil and gas	oil and gas	Soco International Plc	soco international plc	1	loanbook
74	L287	C2	Africa Oil Corp	NA	NA	UP41	Carrizo Oil & Gas Inc	300020	EUR	300020	EUR	"NACE"	Code	610	Loan	No	NA	NA	NA	3	DL2	direct_loantaker	oil and gas	oil and gas	Africa Oil Corp	africa oil corp	1	loanbook
74	L287	C2	Africa Oil Corp	NA	NA	UP41	Carrizo Oil & Gas Inc	300020	EUR	300020	EUR	"NACE"	Code	610	Loan	No	NA	NA	NA	3	UP15	ultimate_parent	oil and gas	oil and gas	Carrizo Oil & Gas Inc	carrizo oil & gas inc	1	loanbook
75	L288	C154	Pertamina Persero Pt	NA	NA	UP213	Pioneer Natural Resources Co	300021	EUR	300021	EUR	"NACE"	Code	610	Loan	No	NA	NA	NA	3	DL70	direct_loantaker	oil and gas	oil and gas	Pertamina Persero Pt	pertamina persero pt	1	loanbook
75	L288	C154	Pertamina Persero Pt	NA	NA	UP213	Pioneer Natural Resources Co	300021	EUR	300021	EUR	"NACE"	Code	610	Loan	No	NA	NA	NA	3	UP70	ultimate_parent	oil and gas	oil and gas	Pioneer Natural Resources Co	pioneer natural resources co	1	loanbook
76	L289	C109	Jxtg Holdings Inc	NA	NA	UP115	Gulfport Energy Corp	300022	EUR	300022	EUR	"NACE"	Code	610	Loan	No	NA	NA	NA	3	DL50	direct_loantaker	oil and gas	oil and gas	Jxtg Holdings Inc	jxtg holdings inc	1	loanbook
76	L289	C109	Jxtg Holdings Inc	NA	NA	UP115	Gulfport Energy Corp	300022	EUR	300022	EUR	"NACE"	Code	610	Loan	No	NA	NA	NA	3	UP42	ultimate_parent	oil and gas	oil and gas	Gulfport Energy Corp	gulfport energy corp	1	loanbook
77	L290	C32	Enquest Plc	NA	NA	UP251	Sk Holdings Co Ltd	300023	EUR	300023	EUR	"NACE"	Code	610	Loan	No	NA	NA	NA	3	DL29	direct_loantaker	oil and gas	oil and gas	Enquest Plc	enquest plc	1	loanbook
77	L290	C32	Enquest Plc	NA	NA	UP251	Sk Holdings Co Ltd	300023	EUR	300023	EUR	"NACE"	Code	610	Loan	No	NA	NA	NA	3	UP86	ultimate_parent	oil and gas	oil and gas	Sk Holdings Co Ltd	sk holdings co ltd	1	loanbook
78	L291	C148	Oasis Petroleum Inc	NA	NA	UP178	Medanito Sa	300024	EUR	300024	EUR	"NACE"	Code	610	Loan	No	NA	NA	NA	3	DL64	direct_loantaker	oil and gas	oil and gas	Oasis Petroleum Inc	oasis petroleum inc	1	loanbook
78	L291	C148	Oasis Petroleum Inc	NA	NA	UP178	Medanito Sa	300024	EUR	300024	EUR	"NACE"	Code	610	Loan	No	NA	NA	NA	3	UP58	ultimate_parent	oil and gas	oil and gas	Medanito Sa	medanito sa	1	loanbook
79	L292	C21	Contango Oil & Gas Co	NA	NA	UP142	Jersey Oil & Gas Plc	300025	EUR	300025	EUR	"NACE"	Code	610	Loan	No	NA	NA	NA	3	DL18	direct_loantaker	oil and gas	oil and gas	Contango Oil & Gas Co	contango oil & gas co	1	loanbook
79	L292	C21	Contango Oil & Gas Co	NA	NA	UP142	Jersey Oil & Gas Plc	300025	EUR	300025	EUR	"NACE"	Code	610	Loan	No	NA	NA	NA	3	UP51	ultimate_parent	oil and gas	oil and gas	Jersey Oil & Gas Plc	jersey oil & gas plc	1	loanbook
80	L293	C37	Givot Olam Oil Exploration Lp	NA	NA	UP193	New World Resources Plc	300026	EUR	300026	EUR	"NACE"	Code	610	Loan	No	NA	NA	NA	3	DL34	direct_loantaker	oil and gas	oil and gas	Givot Olam Oil Exploration Lp	givot olam oil exploration lp	1	loanbook
80	L293	C37	Givot Olam Oil Exploration Lp	NA	NA	UP193	New World Resources Plc	300026	EUR	300026	EUR	"NACE"	Code	610	Loan	No	NA	NA	NA	3	UP63	ultimate_parent	oil and gas	oil and gas	New World Resources Plc	new world resources plc	1	loanbook
81	L294	C111	Kinder Morgan Inc/De	NA	NA	UP302	Wpx Energy Inc	300027	EUR	300027	EUR	"NACE"	Code	610	Loan	No	NA	NA	NA	3	UP105	ultimate_parent	oil and gas	oil and gas	Wpx Energy Inc	wpx energy inc	1	loanbook
82	L295	C24	Dialog Group Bhd	NA	NA	UP99	Fosun Holdings Ltd	300028	EUR	300028	EUR	"NACE"	Code	610	Loan	No	NA	NA	NA	3	DL21	direct_loantaker	oil and gas	oil and gas	Dialog Group Bhd	dialog group bhd	1	loanbook
82	L295	C24	Dialog Group Bhd	NA	NA	UP99	Fosun Holdings Ltd	300028	EUR	300028	EUR	"NACE"	Code	610	Loan	No	NA	NA	NA	3	UP34	ultimate_parent	oil and gas	oil and gas	Fosun Holdings Ltd	fosun holdings ltd	1	loanbook
83	L296	C33	Essar Energy Ltd	NA	NA	UP103	Gail India Ltd	300029	EUR	300029	EUR	"NACE"	Code	610	Loan	No	NA	NA	NA	3	DL30	direct_loantaker	oil and gas	oil and gas	Essar Energy Ltd	essar energy ltd	1	loanbook
83	L296	C33	Essar Energy Ltd	NA	NA	UP103	Gail India Ltd	300029	EUR	300029	EUR	"NACE"	Code	610	Loan	No	NA	NA	NA	3	UP35	ultimate_parent	oil and gas	oil and gas	Gail India Ltd	gail india ltd	1	loanbook
84	L297	C125	Nalcor Energy	NA	NA	UP123	Hibiscus Petroleum Bhd	300030	EUR	300030	EUR	"NACE"	Code	610	Loan	No	NA	NA	NA	3	DL62	direct_loantaker	oil and gas	oil and gas	Nalcor Energy	nalcor energy	1	loanbook
84	L297	C125	Nalcor Energy	NA	NA	UP123	Hibiscus Petroleum Bhd	300030	EUR	300030	EUR	"NACE"	Code	610	Loan	No	NA	NA	NA	3	UP45	ultimate_parent	oil and gas	oil and gas	Hibiscus Petroleum Bhd	hibiscus petroleum bhd	1	loanbook
85	L298	C105	International Finance Corp	NA	NA	UP107	Genel Energy Plc	300031	EUR	300031	EUR	"NACE"	Code	610	Loan	No	NA	NA	NA	3	UP38	ultimate_parent	oil and gas	oil and gas	Genel Energy Plc	genel energy plc	1	loanbook
86	L299	C12	Banco Btg Pactual Sa	NA	NA	UP200	Ophir Energy Plc	300032	EUR	300032	EUR	"NACE"	Code	610	Loan	No	NA	NA	NA	3	DL11	direct_loantaker	oil and gas	oil and gas	Banco Btg Pactual Sa	banco btg pactual sa	1	loanbook
87	L300	C28	Ecopetrol Sa	NA	NA	UP232	Sanchez Energy Corp	300033	EUR	300033	EUR	"NACE"	Code	610	Loan	No	NA	NA	NA	3	DL25	direct_loantaker	oil and gas	oil and gas	Ecopetrol Sa	ecopetrol sa	1	loanbook
87	L300	C28	Ecopetrol Sa	NA	NA	UP232	Sanchez Energy Corp	300033	EUR	300033	EUR	"NACE"	Code	610	Loan	No	NA	NA	NA	3	UP80	ultimate_parent	oil and gas	oil and gas	Sanchez Energy Corp	sanchez energy corp	1	loanbook
88	L301	C23	Corridor Resources Inc	NA	NA	UP194	Noe Landes-Beteiligungsholding Gmbh	300034	EUR	300034	EUR	"NACE"	Code	610	Loan	No	NA	NA	NA	3	DL20	direct_loantaker	oil and gas	oil and gas	Corridor Resources Inc	corridor resources inc	1	loanbook
88	L301	C23	Corridor Resources Inc	NA	NA	UP194	Noe Landes-Beteiligungsholding Gmbh	300034	EUR	300034	EUR	"NACE"	Code	610	Loan	No	NA	NA	NA	3	UP64	ultimate_parent	oil and gas	oil and gas	Noe Landes-Beteiligungsholding Gmbh	noe landes-beteiligungsholding gmbh	1	loanbook
89	L302	C153	People'S Republic Of China	NA	NA	UP59	Cias Asociadas Petroleras Sa	300035	EUR	300035	EUR	"NACE"	Code	610	Loan	No	NA	NA	NA	3	DL69	direct_loantaker	oil and gas	oil and gas	People'S Republic Of China	people's republic of china	1	loanbook
89	L302	C153	People'S Republic Of China	NA	NA	UP59	Cias Asociadas Petroleras Sa	300035	EUR	300035	EUR	"NACE"	Code	610	Loan	No	NA	NA	NA	3	UP23	ultimate_parent	oil and gas	oil and gas	Cias Asociadas Petroleras Sa	cias asociadas petroleras sa	1	loanbook
90	L303	C27	Ebn Bv	NA	NA	UP220	Roch Sa	300036	EUR	300036	EUR	"NACE"	Code	610	Loan	No	NA	NA	NA	3	DL24	direct_loantaker	oil and gas	oil and gas	Ebn Bv	ebn bv	1	loanbook
90	L303	C27	Ebn Bv	NA	NA	UP220	Roch Sa	300036	EUR	300036	EUR	"NACE"	Code	610	Loan	No	NA	NA	NA	3	UP74	ultimate_parent	oil and gas	oil and gas	Roch Sa	roch sa	1	loanbook
91	L304	C158	Republic Of Chile	NA	NA	UP112	Gs Energy Corp	300037	EUR	300037	EUR	"NACE"	Code	610	Loan	No	NA	NA	NA	3	DL74	direct_loantaker	oil and gas	oil and gas	Republic Of Chile	republic of chile	1	loanbook
91	L304	C158	Republic Of Chile	NA	NA	UP112	Gs Energy Corp	300037	EUR	300037	EUR	"NACE"	Code	610	Loan	No	NA	NA	NA	3	UP40	ultimate_parent	oil and gas	oil and gas	Gs Energy Corp	gs energy corp	1	loanbook
92	L305	C160	Rosneft Oil Co Pjsc	NA	NA	UP77	Diamondback Energy Inc	300038	EUR	300038	EUR	"NACE"	Code	610	Loan	No	NA	NA	NA	3	DL76	direct_loantaker	oil and gas	oil and gas	Rosneft Oil Co Pjsc	rosneft oil co pjsc	1	loanbook
92	L305	C160	Rosneft Oil Co Pjsc	NA	NA	UP77	Diamondback Energy Inc	300038	EUR	300038	EUR	"NACE"	Code	610	Loan	No	NA	NA	NA	3	UP29	ultimate_parent	oil and gas	oil and gas	Diamondback Energy Inc	diamondback energy inc	1	loanbook
93	L306	C198	Tap Oil Ltd	NA	NA	UP235	Sapura Energy Bhd	300039	EUR	300039	EUR	"NACE"	Code	610	Loan	No	NA	NA	NA	3	DL95	direct_loantaker	oil and gas	oil and gas	Tap Oil Ltd	tap oil ltd	1	loanbook
93	L306	C198	Tap Oil Ltd	NA	NA	UP235	Sapura Energy Bhd	300039	EUR	300039	EUR	"NACE"	Code	610	Loan	No	NA	NA	NA	3	UP81	ultimate_parent	oil and gas	oil and gas	Sapura Energy Bhd	sapura energy bhd	1	loanbook
94	L307	C35	Geo-Jade Petroleum Corp	NA	NA	UP292	Vanguard Natural Resources Inc	300040	EUR	300040	EUR	"NACE"	Code	610	Loan	No	NA	NA	NA	3	DL32	direct_loantaker	oil and gas	oil and gas	Geo-Jade Petroleum Corp	geo-jade petroleum corp	1	loanbook
94	L307	C35	Geo-Jade Petroleum Corp	NA	NA	UP292	Vanguard Natural Resources Inc	300040	EUR	300040	EUR	"NACE"	Code	610	Loan	No	NA	NA	NA	3	UP102	ultimate_parent	oil and gas	oil and gas	Vanguard Natural Resources Inc	vanguard natural resources inc	1	loanbook
95	L308	C163	Samsung Engineering Co Ltd	NA	NA	UP268	Suelopetrol	300041	EUR	300041	EUR	"NACE"	Code	610	Loan	No	NA	NA	NA	3	DL79	direct_loantaker	oil and gas	oil and gas	Samsung Engineering Co Ltd	samsung engineering co ltd	1	loanbook
96	L309	C11	Arc Resources Ltd	NA	NA	UP29	Bengal Energy Ltd	300042	EUR	300042	EUR	"NACE"	Code	610	Loan	No	NA	NA	NA	3	DL10	direct_loantaker	oil and gas	oil and gas	Arc Resources Ltd	arc resources ltd	1	loanbook
96	L309	C11	Arc Resources Ltd	NA	NA	UP29	Bengal Energy Ltd	300042	EUR	300042	EUR	"NACE"	Code	610	Loan	No	NA	NA	NA	3	UP13	ultimate_parent	oil and gas	oil and gas	Bengal Energy Ltd	bengal energy ltd	1	loanbook
97	L310	C31	Enerplus Corp	NA	NA	UP208	Petrol Dd Ljubljana	300043	EUR	300043	EUR	"NACE"	Code	610	Loan	No	NA	NA	NA	3	DL28	direct_loantaker	oil and gas	oil and gas	Enerplus Corp	enerplus corp	1	loanbook
97	L310	C31	Enerplus Corp	NA	NA	UP208	Petrol Dd Ljubljana	300043	EUR	300043	EUR	"NACE"	Code	610	Loan	No	NA	NA	NA	3	UP68	ultimate_parent	oil and gas	oil and gas	Petrol Dd Ljubljana	petrol dd ljubljana	1	loanbook
98	L311	C209	Trg Holding As	NA	NA	UP238	Scomi Energy Services Bhd	300044	EUR	300044	EUR	"NACE"	Code	610	Loan	No	NA	NA	NA	3	DL100	direct_loantaker	oil and gas	oil and gas	Trg Holding As	trg holding as	1	loanbook
99	L312	C161	Russian Federation	NA	NA	UP253	Socialist Republic Of Vietnam	300045	EUR	300045	EUR	"NACE"	Code	610	Loan	No	NA	NA	NA	3	DL77	direct_loantaker	oil and gas	oil and gas	Russian Federation	russian federation	1	loanbook
99	L312	C161	Russian Federation	NA	NA	UP253	Socialist Republic Of Vietnam	300045	EUR	300045	EUR	"NACE"	Code	610	Loan	No	NA	NA	NA	3	UP87	ultimate_parent	oil and gas	oil and gas	Socialist Republic Of Vietnam	socialist republic of vietnam	1	loanbook
100	L313	C38	Glencore Plc	NA	NA	UP266	State Of Qatar	300046	EUR	300046	EUR	"NACE"	Code	610	Loan	No	NA	NA	NA	3	DL35	direct_loantaker	oil and gas	oil and gas	Glencore Plc	glencore plc	1	loanbook
100	L313	C38	Glencore Plc	NA	NA	UP266	State Of Qatar	300046	EUR	300046	EUR	"NACE"	Code	610	Loan	No	NA	NA	NA	3	UP92	ultimate_parent	oil and gas	oil and gas	State Of Qatar	state of qatar	1	loanbook
101	L314	C208	Toyota Motor Corporation	NA	NA	UP279	Toyota Motor Corp	300047	EUR	300047	EUR	"NACE"	Code	2910	Loan	No	NA	NA	NA	3	DL99	direct_loantaker	automotive	automotive	Toyota Motor Corporation	toyota motor corp	1	loanbook
101	L314	C208	Toyota Motor Corporation	NA	NA	UP279	Toyota Motor Corp	300047	EUR	300047	EUR	"NACE"	Code	2910	Loan	No	NA	NA	NA	3	UP97	ultimate_parent	automotive	automotive	Toyota Motor Corp	toyota motor corp	1	loanbook
102	L315	C208	Toyota Motor Corporation	NA	NA	UP279	Toyota Motor Corp	300048	EUR	300048	EUR	"NACE"	Code	2910	Loan	No	NA	NA	NA	3	DL99	direct_loantaker	automotive	automotive	Toyota Motor Corporation	toyota motor corp	1	loanbook
102	L315	C208	Toyota Motor Corporation	NA	NA	UP279	Toyota Motor Corp	300048	EUR	300048	EUR	"NACE"	Code	2910	Loan	No	NA	NA	NA	3	UP97	ultimate_parent	automotive	automotive	Toyota Motor Corp	toyota motor corp	1	loanbook
103	L316	C3	Airasia X Bhd	NA	NA	UP7	Airasia X Bhd	300049	EUR	300049	EUR	"NACE"	Code	5110	Loan	No	NA	NA	NA	3	DL3	direct_loantaker	aviation	aviation	Airasia X Bhd	airasia x bhd	1	loanbook
103	L316	C3	Airasia X Bhd	NA	NA	UP7	Airasia X Bhd	300049	EUR	300049	EUR	"NACE"	Code	5110	Loan	No	NA	NA	NA	3	UP2	ultimate_parent	aviation	aviation	Airasia X Bhd	airasia x bhd	1	loanbook
104	L317	C4	Airbaltic	NA	NA	UP8	Airbaltic	300050	EUR	300050	EUR	"NACE"	Code	5110	Loan	No	NA	NA	NA	3	DL4	direct_loantaker	aviation	aviation	Airbaltic	airbaltic	1	loanbook
104	L317	C4	Airbaltic	NA	NA	UP8	Airbaltic	300050	EUR	300050	EUR	"NACE"	Code	5110	Loan	No	NA	NA	NA	3	UP3	ultimate_parent	aviation	aviation	Airbaltic	airbaltic	1	loanbook
105	L318	C5	Airblue	NA	NA	UP9	Airblue	300051	EUR	300051	EUR	"NACE"	Code	5110	Loan	No	NA	NA	NA	3	DL5	direct_loantaker	aviation	aviation	Airblue	airblue	1	loanbook
105	L318	C5	Airblue	NA	NA	UP9	Airblue	300051	EUR	300051	EUR	"NACE"	Code	5110	Loan	No	NA	NA	NA	3	UP4	ultimate_parent	aviation	aviation	Airblue	airblue	1	loanbook
106	L319	C6	Airborne Of Sweden	NA	NA	UP10	Airborne Of Sweden	300052	EUR	300052	EUR	"NACE"	Code	5110	Loan	No	NA	NA	NA	3	DL6	direct_loantaker	aviation	aviation	Airborne Of Sweden	airborne of sweden	1	loanbook
106	L319	C6	Airborne Of Sweden	NA	NA	UP10	Airborne Of Sweden	300052	EUR	300052	EUR	"NACE"	Code	5110	Loan	No	NA	NA	NA	3	UP5	ultimate_parent	aviation	aviation	Airborne Of Sweden	airborne of sweden	1	loanbook
107	L320	C7	Airbus Transport International	NA	NA	UP11	Airbus Transport International	300053	EUR	300053	EUR	"NACE"	Code	3030	Loan	No	NA	NA	NA	3	DL7	direct_loantaker	aviation	aviation	Airbus Transport International	airbus transport international	1	loanbook
107	L320	C7	Airbus Transport International	NA	NA	UP11	Airbus Transport International	300053	EUR	300053	EUR	"NACE"	Code	3030	Loan	No	NA	NA	NA	3	UP6	ultimate_parent	aviation	aviation	Airbus Transport International	airbus transport international	1	loanbook
